apodo;pais;identificador;correo
Bear;CR;1;Bear@email.com
Cutie_pie;TL;2;Cutie_pie@gmail.com
Lulu_the_Average;BE;3;Lulu_the_Average@vtr.net
Gordito;TV;4;Gordito@email.com
Perejil;HK;5;Perejil@email.com
Slayer;VA;6;Slayer@yahoo.com
Beetle;BM;7;Beetle@gmail.com
Tere;SE;8;Tere@vtr.net
Agnes;CZ;9;Agnes@hotmail.com
Chiclete;DJ;10;Chiclete@yahoo.com
Elsa_lami;BO;11;Elsa_lami@email.com
Muchacho;ML;12;Muchacho@hotmail.com
Hulk;NA;13;Hulk@hotmail.com
BillyTheKid;PY;14;BillyTheKid@gmail.com
TimeBandit;TN;15;TimeBandit@hotmail.com
Gams;TH;16;Gams@hotmail.com
Bud;PY;17;Bud@gmail.com
Slick;PY;18;Slick@vtr.net
Dulce;ST;19;Dulce@hotmail.com
Terminator;GW;20;Terminator@vtr.net
Cat;CY;21;Cat@yahoo.com
Haddes;TG;22;Haddes@gmail.com
Brown_Sugar;YT;23;Brown_Sugar@vtr.net
Elflike_Lulu;ZA;24;Elflike_Lulu@gmail.com
Baduk;YE;25;Baduk@hotmail.com
Prego;GE;26;Prego@hotmail.com
Fedbob;PH;27;Fedbob@gmail.com
Pyscho;CY;28;Pyscho@gmail.com
Tickles;AZ;29;Tickles@gmail.com
Big_Train;PW;30;Big_Train@vtr.net
Guy;ST;31;Guy@yahoo.com
Aspen;SZ;32;Aspen@hotmail.com
Tough_Guy;GQ;33;Tough_Guy@vtr.net
Dottie;SX;34;Dottie@vtr.net
Elsa_mmy;ID;35;Elsa_mmy@vtr.net
Pepe;CF;36;Pepe@yahoo.com
Bruiser;TT;37;Bruiser@email.com
Missandei;MM;38;Missandei@yahoo.com
Gigi;MW;39;Gigi@hotmail.com
Anvil;OM;40;Anvil@email.com
Fedy;TM;41;Fedy@yahoo.com
Pipo;NG;42;Pipo@hotmail.com
Fun_Size;CY;43;Fun_Size@vtr.net
Capi;ST;44;Capi@email.com
Frightening_Federico;CA;45;Frightening_Federico@hotmail.com
Baby_Bird;ST;46;Baby_Bird@vtr.net
Gaia;LY;47;Gaia@vtr.net
Awake;SO;48;Awake@hotmail.com
Elessar;AR;49;Elessar@email.com
Satchel;BL;50;Satchel@gmail.com
Lulu_the_Leaden;BJ;51;Lulu_the_Leaden@email.com
LakeBell;NI;52;LakeBell@yahoo.com
Cheddar;YE;53;Cheddar@yahoo.com
Coolish_Lulu;NI;54;Coolish_Lulu@yahoo.com
SonicMaster;VC;55;SonicMaster@email.com
Microwave;SM;56;Microwave@vtr.net
Whiplash;YE;57;Whiplash@hotmail.com
Lefty;HU;58;Lefty@yahoo.com
Speedy;EG;59;Speedy@hotmail.com
Dudu;YE;60;Dudu@hotmail.com
Celtic_Frost;FI;61;Celtic_Frost@email.com
Mingy_Lulu;RO;62;Mingy_Lulu@hotmail.com
Boo_Bug;WF;63;Boo_Bug@gmail.com
Federico-nova;TH;64;Federico-nova@vtr.net
Lassic;BI;65;Lassic@vtr.net
Dunce;HK;66;Dunce@email.com
Drakone;AI;67;Drakone@vtr.net
Numbers;US;68;Numbers@hotmail.com
Marge;BL;69;Marge@gmail.com
Vitoco;LY;70;Vitoco@yahoo.com
Berryo;FR;71;Berryo@gmail.com
Not_Today;IQ;72;Not_Today@hotmail.com
Charutinho;AS;73;Charutinho@yahoo.com
Lulu;BN;74;Lulu@email.com
Beanpole;TO;75;Beanpole@yahoo.com
Lover;MV;76;Lover@hotmail.com
Grande;AE;77;Grande@gmail.com
Large_Lulu;WF;78;Large_Lulu@vtr.net
Lulu_the_Lilliputian;PR;79;Lulu_the_Lilliputian@gmail.com
Knucklebutt;RE;80;Knucklebutt@yahoo.com
Iron_Horse;NE;81;Iron_Horse@yahoo.com
Headlights;MX;82;Headlights@gmail.com
Miss_Piggy;SR;83;Miss_Piggy@gmail.com
Bilbo;GU;84;Bilbo@email.com
Boo;SN;85;Boo@hotmail.com
Fedo;CW;86;Fedo@yahoo.com
Caos;JO;87;Caos@gmail.com
Valkyrie;IE;88;Valkyrie@vtr.net
Mujer_Maravilla;LI;89;Mujer_Maravilla@vtr.net
Lombriz_a_dieta;TF;90;Lombriz_a_dieta@gmail.com
Belle;FR;91;Belle@gmail.com
Steel_Panther;SO;92;Steel_Panther@gmail.com
Spud;MK;93;Spud@yahoo.com
Hideous_Baby;TK;94;Hideous_Baby@vtr.net
Marshmallow;CM;95;Marshmallow@vtr.net
Bituca;FI;96;Bituca@vtr.net
Darkspur;MG;97;Darkspur@email.com
Federico_Bear;MD;98;Federico_Bear@email.com
Pinkie;TW;99;Pinkie@gmail.com
Bello;CG;100;Bello@gmail.com
Chum;LR;101;Chum@gmail.com
Banedragon;FM;102;Banedragon@vtr.net
Peppermint;BB;103;Peppermint@vtr.net
Palpatine;AS;104;Palpatine@gmail.com
Con;IL;105;Con@vtr.net
Tiny;GY;106;Tiny@hotmail.com
Dragontooth;FR;107;Dragontooth@hotmail.com
Hunter;MH;108;Hunter@gmail.com
Twig;BV;109;Twig@vtr.net
Costoso;RS;110;Costoso@email.com
Compa;UG;111;Compa@email.com
Frankfurter;NO;112;Frankfurter@yahoo.com
Buttercup;GR;113;Buttercup@hotmail.com
LaLa;AU;114;LaLa@email.com
Big_Guy;AM;115;Big_Guy@gmail.com
Dorito;ES;116;Dorito@vtr.net
Coizado;BO;117;Coizado@yahoo.com
Chorbo;UA;118;Chorbo@gmail.com
Cyton;EC;119;Cyton@yahoo.com
Short_Shorts;GM;120;Short_Shorts@email.com
Pollua;TD;121;Pollua@hotmail.com
Eco_Federico;AG;122;Eco_Federico@hotmail.com
Ticklebutt;EH;123;Ticklebutt@email.com
Fedinator;GY;124;Fedinator@hotmail.com
Forlorn_Federico;LC;125;Forlorn_Federico@yahoo.com
Heisenberg;BG;126;Heisenberg@yahoo.com
Hermione;LU;127;Hermione@gmail.com
Isildur;SY;128;Isildur@yahoo.com
Kid;BR;129;Kid@vtr.net
Jackrabbit;AQ;130;Jackrabbit@yahoo.com
Dork;LK;131;Dork@hotmail.com
Sanza;LC;132;Sanza@vtr.net
Rambo;MD;133;Rambo@hotmail.com
Slade;TT;134;Slade@yahoo.com
Scrappy-Doo;FJ;135;Scrappy-Doo@gmail.com
Myrrah;ES;136;Myrrah@hotmail.com
ZanaCarnivora;SE;137;ZanaCarnivora@hotmail.com
Selena;MH;138;Selena@email.com
Captain_Crunch;NR;139;Captain_Crunch@email.com
Hermano;GU;140;Hermano@vtr.net
Pescotapa;TK;141;Pescotapa@email.com
Kane;EC;142;Kane@gmail.com
Coke_Zero;DK;143;Coke_Zero@yahoo.com
Pupzee;RO;144;Pupzee@hotmail.com
Vegeta;AL;145;Vegeta@gmail.com
Dani;MV;146;Dani@yahoo.com
Arwen;NO;147;Arwen@email.com
Silent_Hero;RE;148;Silent_Hero@yahoo.com
Amore;AF;149;Amore@yahoo.com
Suprem;EE;150;Suprem@gmail.com
Rumplestiltskin;SB;151;Rumplestiltskin@yahoo.com
Talos;BZ;152;Talos@gmail.com
Flyby;FK;153;Flyby@hotmail.com
Cheerio;TH;154;Cheerio@hotmail.com
Lobster;VI;155;Lobster@yahoo.com
Admiral;OM;156;Admiral@hotmail.com
Bicho_raro;GF;157;Bicho_raro@yahoo.com
Xaolmin_asesino_de_cerdos;TF;158;Xaolmin_asesino_de_cerdos@email.com
Khal;TR;159;Khal@hotmail.com
Wary_Berry;GG;160;Wary_Berry@gmail.com
Robin;AG;161;Robin@email.com
Zenon;BR;162;Zenon@email.com
Zorro;TV;163;Zorro@gmail.com
Brochado;LV;164;Brochado@email.com
Encantador;AE;165;Encantador@yahoo.com
Luna;JE;166;Luna@hotmail.com
Rosie;ME;167;Rosie@gmail.com
Shorty;BB;168;Shorty@hotmail.com
Asesino_de_noobs;TC;169;Asesino_de_noobs@gmail.com
Lulu_the_Bland;KH;170;Lulu_the_Bland@vtr.net
Notoryu;SM;171;Notoryu@email.com
Lulu_the_Leger;GD;172;Lulu_the_Leger@yahoo.com
C-Dawg;GY;173;C-Dawg@vtr.net
Pancho;NI;174;Pancho@vtr.net
Light-weight_Lulu;KW;175;Light-weight_Lulu@email.com
Yoda;ET;176;Yoda@email.com
Peach;DZ;177;Peach@yahoo.com
ThikerBlow;IR;178;ThikerBlow@yahoo.com
Glorfindel;KN;179;Glorfindel@email.com
Toxic;SE;180;Toxic@yahoo.com
Barton;PY;181;Barton@gmail.com
Kit-Kat;ID;182;Kit-Kat@vtr.net
Dearest;AT;183;Dearest@gmail.com
EraVenenosa;GM;184;EraVenenosa@gmail.com
Buster;SM;185;Buster@vtr.net
Zacarias_Flores_del_Campo;TM;186;Zacarias_Flores_del_Campo@gmail.com
Siegfried;YE;187;Siegfried@gmail.com
Contemporary_Berry;IS;188;Contemporary_Berry@email.com
Mild_Chip;AW;189;Mild_Chip@gmail.com
Abhorrent_Federico;LC;190;Abhorrent_Federico@vtr.net
Piggy;AW;191;Piggy@hotmail.com
Freddie;DK;192;Freddie@hotmail.com
Cinnamon;SB;193;Cinnamon@hotmail.com
Mini_Mini;MP;194;Mini_Mini@gmail.com
Rocketfuel;CO;195;Rocketfuel@email.com
No_Mercy;GA;196;No_Mercy@hotmail.com
sombra_delgada;LA;197;sombra_delgada@vtr.net
Noob_Supremo;GA;198;Noob_Supremo@email.com
Silver_Hawk;BR;199;Silver_Hawk@gmail.com
Fedster;MN;200;Fedster@gmail.com
Bulma;TW;201;Bulma@yahoo.com
Fierce_Federico;MH;202;Fierce_Federico@vtr.net
Sweet_Tea;ID;203;Sweet_Tea@yahoo.com
Travieso;MG;204;Travieso@gmail.com
Casco;PR;205;Casco@email.com
Elba_Zurita;GS;206;Elba_Zurita@yahoo.com
Focker;HK;207;Focker@gmail.com
Crumpled_Federico;YT;208;Crumpled_Federico@hotmail.com
String_Bean;SX;209;String_Bean@gmail.com
Chica;GD;210;Chica@vtr.net
Goober;MK;211;Goober@yahoo.com
Ragnar;IR;212;Ragnar@vtr.net
Jaha;CK;213;Jaha@vtr.net
Lindo;TL;214;Lindo@email.com
Music_Man;KG;215;Music_Man@vtr.net
Angel;EG;216;Angel@gmail.com
Elba_Lazo;KG;217;Elba_Lazo@yahoo.com
Lucha;HN;218;Lucha@hotmail.com
Smokin;KR;219;Smokin@email.com
Fury;FI;220;Fury@yahoo.com
Amazing_Federico;KH;221;Amazing_Federico@hotmail.com
Fattykins;NU;222;Fattykins@hotmail.com
Cello;YE;223;Cello@email.com
Big_Ben;PT;224;Big_Ben@vtr.net
Tamed_Federico;YT;225;Tamed_Federico@email.com
Bambi;DK;226;Bambi@hotmail.com
Savior;MU;227;Savior@email.com
Warrior;VA;228;Warrior@email.com
Tomcat;SC;229;Tomcat@vtr.net
Cassius;HK;230;Cassius@hotmail.com
Smudge;QA;231;Smudge@gmail.com
Gatito;TL;232;Gatito@email.com
Buck;GT;233;Buck@yahoo.com
Delicia;BM;234;Delicia@hotmail.com
Snake;HN;235;Snake@vtr.net
Daewron;MF;236;Daewron@vtr.net
Pooh;VI;237;Pooh@vtr.net
Lover_boy;KZ;238;Lover_boy@email.com
Cottonball;AT;239;Cottonball@gmail.com
Lulukitten;BN;240;Lulukitten@hotmail.com
Creep;CX;241;Creep@email.com
Forgettable_Federico;AU;242;Forgettable_Federico@gmail.com
Zoila_Cerda;GP;243;Zoila_Cerda@gmail.com
Federico_the_Dead;NE;244;Federico_the_Dead@email.com
Tame_Federico;BI;245;Tame_Federico@yahoo.com
Sanders;FJ;246;Sanders@vtr.net
Luvith;TO;247;Luvith@hotmail.com
Freckles;BG;248;Freckles@email.com
Nightmare;MD;249;Nightmare@yahoo.com
Acer;DJ;250;Acer@gmail.com
Hew_Lulu;AU;251;Hew_Lulu@email.com
HarleyQuin;HT;252;HarleyQuin@yahoo.com
Bollito;DE;253;Bollito@hotmail.com
Tenemur;BJ;254;Tenemur@yahoo.com
Dark_light;VC;255;Dark_light@email.com
Doc;GL;256;Doc@email.com
Champ;AQ;257;Champ@hotmail.com
Lady;IL;258;Lady@email.com
Red;TO;259;Red@vtr.net
Ancillary_Berry;IL;260;Ancillary_Berry@gmail.com
Cindy_Lou_Who;AU;261;Cindy_Lou_Who@hotmail.com
Lil_Girl;CX;262;Lil_Girl@yahoo.com
Lil_Mama;AD;263;Lil_Mama@vtr.net
Fortune;GR;264;Fortune@yahoo.com
Pebbles;HT;265;Pebbles@vtr.net
Babs;KR;266;Babs@gmail.com
Butterfinger;TJ;267;Butterfinger@yahoo.com
Revenger;SB;268;Revenger@email.com
Figgy;BZ;269;Figgy@hotmail.com
Dracula;VA;270;Dracula@hotmail.com
Dominator;VA;271;Dominator@email.com
Pookie;KZ;272;Pookie@hotmail.com
Amiga;MR;273;Amiga@email.com
Crumbles;GP;274;Crumbles@email.com
Supi;UZ;275;Supi@email.com
Chuckles;MX;276;Chuckles@email.com
Lulu_the_View;GN;277;Lulu_the_View@gmail.com
Lulbob;EG;278;Lulbob@hotmail.com
Hottie;UZ;279;Hottie@yahoo.com
Karnos;AO;280;Karnos@vtr.net
Bebecito;AW;281;Bebecito@email.com
Federico_the_Bland;NC;282;Federico_the_Bland@email.com
Gummi_Bear;NI;283;Gummi_Bear@email.com
Chicken_Legs;LU;284;Chicken_Legs@email.com
Divertido;BQ;285;Divertido@email.com
Cotton;AO;286;Cotton@hotmail.com
Habbor;GP;287;Habbor@vtr.net
Kerrek;FI;288;Kerrek@gmail.com
Cumulus;CO;289;Cumulus@vtr.net
4-Wheel;ID;290;4-Wheel@vtr.net
Ravel;SJ;291;Ravel@email.com
Teddy_bear;KZ;292;Teddy_bear@email.com
Sunday;IS;293;Sunday@vtr.net
Locuelo;GW;294;Locuelo@email.com
Nixcitra;CV;295;Nixcitra@vtr.net
Double_Double;GG;296;Double_Double@vtr.net
Cuddles;MG;297;Cuddles@yahoo.com
Selene;FI;298;Selene@gmail.com
Cool_Papa;TZ;299;Cool_Papa@hotmail.com
TRasher;RW;300;TRasher@yahoo.com
Granito;TL;301;Granito@email.com
Mountain;CC;302;Mountain@vtr.net
Senior;AI;303;Senior@email.com
Lulu_the_Calm;PR;304;Lulu_the_Calm@vtr.net
Cucha;CC;305;Cucha@email.com
Pop_Tart;GG;306;Pop_Tart@vtr.net
Ducky;UY;307;Ducky@hotmail.com
Maggie;BR;308;Maggie@hotmail.com
Junior;GT;309;Junior@email.com
Elsa_nandres;TD;310;Elsa_nandres@vtr.net
Happy;NC;311;Happy@gmail.com
Big_Bird;BW;312;Big_Bird@vtr.net
Dragon;BF;313;Dragon@vtr.net
Pinky;IM;314;Pinky@gmail.com
Juguetito;BY;315;Juguetito@vtr.net
Problema;KR;316;Problema@hotmail.com
Lulu_the_Purview;EE;317;Lulu_the_Purview@yahoo.com
Snuggles;CI;318;Snuggles@yahoo.com
Foxy;DO;319;Foxy@gmail.com
Obi-Wan;RS;320;Obi-Wan@hotmail.com
Cloud;TZ;321;Cloud@yahoo.com
Apple;MC;322;Apple@email.com
Frits;SJ;323;Frits@gmail.com
Federico_the_Infamous;JO;324;Federico_the_Infamous@vtr.net
Baldie;CX;325;Baldie@hotmail.com
Mario_Neta;UZ;326;Mario_Neta@email.com
Jefecito;BV;327;Jefecito@email.com
Bubblegum;US;328;Bubblegum@email.com
Merry;BD;329;Merry@hotmail.com
Bubble_Butt;MQ;330;Bubble_Butt@email.com
Outlander;VA;331;Outlander@hotmail.com
Tank;KI;332;Tank@gmail.com
Fun_Dip;CU;333;Fun_Dip@email.com
Dropout;OM;334;Dropout@hotmail.com
Apple_Jack;SN;335;Apple_Jack@vtr.net
Grease;IR;336;Grease@gmail.com
Shuttershy;SH;337;Shuttershy@gmail.com
Federico_the_Evil;OM;338;Federico_the_Evil@vtr.net
ClashforCash;ID;339;ClashforCash@vtr.net
Spicy;RO;340;Spicy@gmail.com
Baldur;FO;341;Baldur@gmail.com
Conductor;CX;342;Conductor@vtr.net
Pepinillo;MK;343;Pepinillo@vtr.net
Deacon;ST;344;Deacon@yahoo.com
Jon_Snow;KM;345;Jon_Snow@hotmail.com
Frightful_Federico;NG;346;Frightful_Federico@hotmail.com
Rising;MS;347;Rising@vtr.net
Lulu_the_Drab;DE;348;Lulu_the_Drab@yahoo.com
Dimples;TR;349;Dimples@hotmail.com
F.L;TG;350;F.L@vtr.net
Bossy;DM;351;Bossy@yahoo.com
Mini_Me;BY;352;Mini_Me@gmail.com
Crime_Dog;MX;353;Crime_Dog@vtr.net
Lulu_the_Bantam;MT;354;Lulu_the_Bantam@hotmail.com
Nerd;JP;355;Nerd@email.com
Thor;PK;356;Thor@gmail.com
Slasher;IE;357;Slasher@gmail.com
leopardo;ER;358;leopardo@hotmail.com
Devil;UZ;359;Devil@vtr.net
Rafa;TL;360;Rafa@hotmail.com
Divine;GE;361;Divine@hotmail.com
Intimidator;DE;362;Intimidator@vtr.net
Elsa_tanas;MA;363;Elsa_tanas@gmail.com
FaithSeed;TW;364;FaithSeed@vtr.net
Krayvhus;DK;365;Krayvhus@email.com
Retaco;IN;366;Retaco@vtr.net
Storm_Crow;FM;367;Storm_Crow@email.com
Squirt;GM;368;Squirt@gmail.com
Light-duty_Lulu;ZW;369;Light-duty_Lulu@vtr.net
Shamy_Rock;JP;370;Shamy_Rock@vtr.net
Ice_Queen;BR;371;Ice_Queen@hotmail.com
Bubbles;TC;372;Bubbles@email.com
Sleeping_Beauty;HR;373;Sleeping_Beauty@hotmail.com
Lulubob;CI;374;Lulubob@yahoo.com
Graeco_Federico;AI;375;Graeco_Federico@email.com
Perro_Grande;UM;376;Perro_Grande@gmail.com
Midreth;SA;377;Midreth@vtr.net
Astounding_Federico;KY;378;Astounding_Federico@yahoo.com
Panchi;TJ;379;Panchi@email.com
Freddie-Cakes;KY;380;Freddie-Cakes@yahoo.com
Frici;BZ;381;Frici@gmail.com
Mad_Max;VU;382;Mad_Max@email.com
Bunny;IR;383;Bunny@vtr.net
Boomer;VU;384;Boomer@gmail.com
Filly_Fally;DZ;385;Filly_Fally@gmail.com
Isis;ID;386;Isis@gmail.com
Monkey;GD;387;Monkey@gmail.com
Amorcita;TZ;388;Amorcita@gmail.com
Ladybug;CI;389;Ladybug@vtr.net
Featureless_Federico;CR;390;Featureless_Federico@hotmail.com
Rosquilla;LA;391;Rosquilla@email.com
DarkWarrior;GW;392;DarkWarrior@email.com
Immature_Lulu;DO;393;Immature_Lulu@email.com
Mog;HT;394;Mog@hotmail.com
Adonildo;LU;395;Adonildo@gmail.com
Inchworm;AU;396;Inchworm@yahoo.com
Beastly_Federico;JP;397;Beastly_Federico@gmail.com
Righty;MA;398;Righty@hotmail.com
Delfa;US;399;Delfa@vtr.net
Lulu-nova;HM;400;Lulu-nova@yahoo.com
Cold_Brew;VA;401;Cold_Brew@vtr.net
Cobra;PF;402;Cobra@hotmail.com
Thumper;ZA;403;Thumper@yahoo.com
Smirk;UY;404;Smirk@vtr.net
Dumbledore;TK;405;Dumbledore@email.com
Gillegan;PL;406;Gillegan@vtr.net
DoctorDooM;TD;407;DoctorDooM@yahoo.com
Darius;GP;408;Darius@email.com
Fatty;JP;409;Fatty@gmail.com
Queen;MY;410;Queen@hotmail.com
Chef;LC;411;Chef@yahoo.com
Mr_Quake;MN;412;Mr_Quake@gmail.com
Buckeye;EH;413;Buckeye@email.com
Pandora;VU;414;Pandora@vtr.net
Crazy;CR;415;Crazy@email.com
Half_Pint;TG;416;Half_Pint@gmail.com
Lulu_Bear;NI;417;Lulu_Bear@gmail.com
Luz_Clarita;LS;418;Luz_Clarita@gmail.com
Berryomeister;CN;419;Berryomeister@email.com
Marcian_Ana;DE;420;Marcian_Ana@yahoo.com
Salt;BA;421;Salt@yahoo.com
Regalito;MP;422;Regalito@gmail.com
Neo;PM;423;Neo@gmail.com
Doobie;EC;424;Doobie@email.com
Predator;MO;425;Predator@yahoo.com
Biscuit;UG;426;Biscuit@email.com
Mesmerizer;BG;427;Mesmerizer@email.com
Arbitrary_Berry;TL;428;Arbitrary_Berry@vtr.net
Jengibre;MG;429;Jengibre@gmail.com
Mr.October;FK;430;Mr.October@yahoo.com
Theoden;FI;431;Theoden@email.com
Federicokitten;KR;432;Federicokitten@gmail.com
Herp_Derp;LB;433;Herp_Derp@gmail.com
Boloda;TH;434;Boloda@vtr.net
Frodo;CF;435;Frodo@vtr.net
Monino;ML;436;Monino@hotmail.com
Lifeless_Lulu;UA;437;Lifeless_Lulu@yahoo.com
LadyHarken;MO;438;LadyHarken@email.com
Hot_Sauce;ML;439;Hot_Sauce@email.com
Titi;NA;440;Titi@hotmail.com
Jetroo;NI;441;Jetroo@gmail.com
Dino;SL;442;Dino@hotmail.com
Frauline;ID;443;Frauline@yahoo.com
Sparky;AL;444;Sparky@hotmail.com
Pantera_negra;HN;445;Pantera_negra@gmail.com
Tater;YT;446;Tater@yahoo.com
Medusa;ID;447;Medusa@vtr.net
Berrybob;CF;448;Berrybob@email.com
Turtle;MC;449;Turtle@hotmail.com
Shrinkwrap;MR;450;Shrinkwrap@yahoo.com
Ozzy;PK;451;Ozzy@hotmail.com
Baby_Boo;GP;452;Baby_Boo@yahoo.com
Ternura;CX;453;Ternura@hotmail.com
Melkor;MS;454;Melkor@hotmail.com
Cricket;MP;455;Cricket@email.com
Guille;CI;456;Guille@vtr.net
Tater_Tot;DO;457;Tater_Tot@yahoo.com
Goldilocks;LI;458;Goldilocks@hotmail.com
Cookie_Dough;DK;459;Cookie_Dough@vtr.net
Sunny;AT;460;Sunny@gmail.com
BlitzWolf;DO;461;BlitzWolf@gmail.com
Hakken;CR;462;Hakken@hotmail.com
Threepeo;SZ;463;Threepeo@gmail.com
Tata;LU;464;Tata@gmail.com
Bub;SG;465;Bub@gmail.com
Tenebroso;DO;466;Tenebroso@email.com
Daria;HU;467;Daria@email.com
Button;TL;468;Button@gmail.com
Twiggy;SN;469;Twiggy@email.com
Clipper;VG;470;Clipper@hotmail.com
Quesito;TR;471;Quesito@hotmail.com
Amor;HR;472;Amor@yahoo.com
Rage;VI;473;Rage@email.com
Kira;SV;474;Kira@vtr.net
BloodFlare;ME;475;BloodFlare@hotmail.com
Galadriel;TK;476;Galadriel@yahoo.com
Lewy;DK;477;Lewy@email.com
Pelhaco_Costinha;LC;478;Pelhaco_Costinha@gmail.com
Sweety;SR;479;Sweety@email.com
Cara_de_bebe;SS;480;Cara_de_bebe@email.com
Papu;GR;481;Papu@hotmail.com
Shiver;HT;482;Shiver@email.com
Raisinburg;CM;483;Raisinburg@gmail.com
Do_Lulu;LV;484;Do_Lulu@hotmail.com
Peep;BS;485;Peep@email.com
Hagarmenom;MO;486;Hagarmenom@yahoo.com
Federico_the_Fauna;GI;487;Federico_the_Fauna@yahoo.com
Iris;PY;488;Iris@gmail.com
Smiley;OM;489;Smiley@yahoo.com
Barbarous_Federico;UG;490;Barbarous_Federico@vtr.net
Rei;GB;491;Rei@email.com
Amidala;MA;492;Amidala@hotmail.com
Federico_the_Fanaticism;GN;493;Federico_the_Fanaticism@email.com
Shnookie;MV;494;Shnookie@email.com
Hot_Pepper;PH;495;Hot_Pepper@email.com
Desolate_Lulu;UM;496;Desolate_Lulu@hotmail.com
Teeny;CK;497;Teeny@yahoo.com
Bomberman;CW;498;Bomberman@vtr.net
Princess;TV;499;Princess@vtr.net
Love;AE;500;Love@gmail.com
Faze;DJ;501;Faze@gmail.com
Green_Giant;BB;502;Green_Giant@gmail.com
Mistress;MX;503;Mistress@gmail.com
Pollo;NF;504;Pollo@vtr.net
Homer;AO;505;Homer@yahoo.com
Beast;SC;506;Beast@yahoo.com
Pelusa;PN;507;Pelusa@hotmail.com
Rob;LU;508;Rob@gmail.com
Capitan_America;MO;509;Capitan_America@email.com
Serene;BI;510;Serene@gmail.com
Scarlet;US;511;Scarlet@vtr.net
Bubba;LB;512;Bubba@email.com
Locky;GM;513;Locky@yahoo.com
Tiziu;GS;514;Tiziu@gmail.com
Mad;SG;515;Mad@vtr.net
Finn;MU;516;Finn@vtr.net
Big_Papi;KG;517;Big_Papi@email.com
Ironfist;MN;518;Ironfist@yahoo.com
Honey_Locks;MZ;519;Honey_Locks@gmail.com
Tarzan;ZM;520;Tarzan@vtr.net
Boromir;IO;521;Boromir@email.com
Doll;FJ;522;Doll@yahoo.com
Sugar;CO;523;Sugar@gmail.com
TheKingWolf;GY;524;TheKingWolf@yahoo.com
Federico_the_Helpless;MS;525;Federico_the_Helpless@vtr.net
Cavernicola;NG;526;Cavernicola@gmail.com
Pork_Chop;TC;527;Pork_Chop@yahoo.com
Mustache;TV;528;Mustache@vtr.net
Lucy;DJ;529;Lucy@gmail.com
Rampage;LV;530;Rampage@vtr.net
Pintsize;CO;531;Pintsize@vtr.net
Legendary;DM;532;Legendary@vtr.net
Autumn;KR;533;Autumn@gmail.com
Popeye;BV;534;Popeye@yahoo.com
Chiquita;SM;535;Chiquita@yahoo.com
Catatonic_Lulu;BW;536;Catatonic_Lulu@email.com
Rainbow;KM;537;Rainbow@vtr.net
Honey_Pie;DK;538;Honey_Pie@yahoo.com
Gollum;BJ;539;Gollum@hotmail.com
Muñeco;BA;540;Muñeco@vtr.net
Punk_Head;RE;541;Punk_Head@yahoo.com
Kitten;BM;542;Kitten@vtr.net
Lewinator;BH;543;Lewinator@yahoo.com
Colonel;NE;544;Colonel@email.com
Pearl;MS;545;Pearl@yahoo.com
Loquito;MY;546;Loquito@yahoo.com
Goonie;YT;547;Goonie@hotmail.com
Elf;MF;548;Elf@vtr.net
Lewster;SJ;549;Lewster@yahoo.com
100%Rox;BM;550;100%Rox@gmail.com
Daytripper;HM;551;Daytripper@yahoo.com
Goku;CL;552;Goku@vtr.net
Doofus;AE;553;Doofus@gmail.com
Faker;DM;554;Faker@yahoo.com
Berryie;AI;555;Berryie@email.com
Grim_Reaper;LR;556;Grim_Reaper@gmail.com
Eowyn;SD;557;Eowyn@gmail.com
Cocodrilo;AT;558;Cocodrilo@gmail.com
Serenity;LS;559;Serenity@hotmail.com
Elvis_Tek;CI;560;Elvis_Tek@yahoo.com
Mercury;UA;561;Mercury@hotmail.com
Biffle;CM;562;Biffle@email.com
French_Fry;MO;563;French_Fry@vtr.net
L.B;FO;564;L.B@email.com
Purunga;FO;565;Purunga@gmail.com
Tiger;MQ;566;Tiger@yahoo.com
Super_Soldier;DM;567;Super_Soldier@yahoo.com
Toots;CR;568;Toots@email.com
Twinkie;SR;569;Twinkie@hotmail.com
Peppa_Pig;VU;570;Peppa_Pig@vtr.net
Avenger;PT;571;Avenger@yahoo.com
Lulu_the_Brief;KG;572;Lulu_the_Brief@yahoo.com
Lulu_the_Lean;RO;573;Lulu_the_Lean@email.com
My_knight;JP;574;My_knight@yahoo.com
Federico_the_Pico;SG;575;Federico_the_Pico@hotmail.com
Sweetie;PL;576;Sweetie@gmail.com
Sirius;UZ;577;Sirius@vtr.net
Dejected_Federico;YT;578;Dejected_Federico@hotmail.com
Amour;GU;579;Amour@vtr.net
TheDog;CN;580;TheDog@email.com
Rosemary;FM;581;Rosemary@vtr.net
Jet;SK;582;Jet@email.com
Pantera;HU;583;Pantera@vtr.net
Cuddly_Lulu;SR;584;Cuddly_Lulu@vtr.net
GhostSkull;SG;585;GhostSkull@hotmail.com
Shogun;LI;586;Shogun@gmail.com
Freezer;AE;587;Freezer@yahoo.com
MattyIce;SM;588;MattyIce@hotmail.com
Too_Tall;VN;589;Too_Tall@email.com
Atypical_Lulu;JP;590;Atypical_Lulu@gmail.com
Silly_Sally;OM;591;Silly_Sally@gmail.com
Wilma;UY;592;Wilma@yahoo.com
Fanciful_Federico;ER;593;Fanciful_Federico@hotmail.com
Ranger;SE;594;Ranger@gmail.com
Matey;SO;595;Matey@email.com
Ulf;LA;596;Ulf@yahoo.com
Lulu_the_Lot;SE;597;Lulu_the_Lot@yahoo.com
Guapo;LA;598;Guapo@hotmail.com
Skunk;SE;599;Skunk@vtr.net
Tears;IR;600;Tears@email.com
Federico_the_Rico;RU;601;Federico_the_Rico@yahoo.com
Weiner;GM;602;Weiner@email.com
Romeo;ST;603;Romeo@yahoo.com
Pie_de_buey;GT;604;Pie_de_buey@yahoo.com
PB&J;IR;605;PB&J@vtr.net
Norton;TN;606;Norton@yahoo.com
Rockette;PH;607;Rockette@hotmail.com
Formidable_Federico;ES;608;Formidable_Federico@email.com
Foxy_Mama;SM;609;Foxy_Mama@hotmail.com
Few_Lulu;MA;610;Few_Lulu@vtr.net
Gingersnap;LA;611;Gingersnap@hotmail.com
Primer_oficial;PH;612;Primer_oficial@vtr.net
F.B;VG;613;F.B@vtr.net
Berryinator;WF;614;Berryinator@yahoo.com
Lifeless_Lewis;LK;615;Lifeless_Lewis@email.com
Bumblebee;FI;616;Bumblebee@yahoo.com
Glide;RS;617;Glide@yahoo.com
Fly;FO;618;Fly@gmail.com
Gumby;MY;619;Gumby@yahoo.com
Fedomeister;JO;620;Fedomeister@email.com
Fiesta;MX;621;Fiesta@hotmail.com
Ormobia;PM;622;Ormobia@vtr.net
Susana_Oria;SX;623;Susana_Oria@hotmail.com
Cuddle_Pig;CG;624;Cuddle_Pig@gmail.com
Purpleskull;PK;625;Purpleskull@email.com
Hollywood;UY;626;Hollywood@yahoo.com
Huggy;AD;627;Huggy@email.com
Cuchi;SD;628;Cuchi@yahoo.com
Concentrated_Lulu;AX;629;Concentrated_Lulu@vtr.net
Diminutives;GE;630;Diminutives@email.com
Pikachu;LI;631;Pikachu@hotmail.com
Lacklustre_Lulu;ZW;632;Lacklustre_Lulu@gmail.com
Sam;DO;633;Sam@vtr.net
Cherry;BZ;634;Cherry@email.com
Chip;SY;635;Chip@hotmail.com
Hombre_de_acero;UM;636;Hombre_de_acero@gmail.com
Lewo;PW;637;Lewo@email.com
Stigin;LC;638;Stigin@vtr.net
Dum_Dum;MU;639;Dum_Dum@gmail.com
Pickle;RW;640;Pickle@yahoo.com
Bruv;AT;641;Bruv@vtr.net
Goten;KM;642;Goten@gmail.com
Pixie;CA;643;Pixie@yahoo.com
Bit_Lag;KM;644;Bit_Lag@vtr.net
Loosetooth;YT;645;Loosetooth@vtr.net
Bellasco;SK;646;Bellasco@email.com
Frau_Frau;MQ;647;Frau_Frau@email.com
Biggie;NZ;648;Biggie@hotmail.com
Beautiful;IT;649;Beautiful@vtr.net
Fallen;BA;650;Fallen@hotmail.com
Spyder;RS;651;Spyder@email.com
Lothar;SI;652;Lothar@vtr.net
Khulhan;RE;653;Khulhan@gmail.com
Coach;KH;654;Coach@email.com
Cabeza_de_chorlito;EH;655;Cabeza_de_chorlito@hotmail.com
Tigre;OM;656;Tigre@vtr.net
Nico;CA;657;Nico@gmail.com
Pecan;NF;658;Pecan@yahoo.com
Executor;SM;659;Executor@vtr.net
Bebe;TL;660;Bebe@hotmail.com
Federico_the_Foul;SE;661;Federico_the_Foul@hotmail.com
Superman;BR;662;Superman@hotmail.com
Muffin;SS;663;Muffin@yahoo.com
Redbull;MK;664;Redbull@hotmail.com
Rubber;NF;665;Rubber@hotmail.com
Federico_the_Horrid;GM;666;Federico_the_Horrid@hotmail.com
Intense_Lulu;TW;667;Intense_Lulu@email.com
Procastinator;AD;668;Procastinator@email.com
Martillo;LR;669;Martillo@yahoo.com
Baby;TH;670;Baby@gmail.com
Grammatico_Federico;VE;671;Grammatico_Federico@yahoo.com
Brutus;KI;672;Brutus@vtr.net
Golden_Graham;BZ;673;Golden_Graham@vtr.net
Fear;ZW;674;Fear@hotmail.com
Skinny_Minny;SK;675;Skinny_Minny@gmail.com
Buds;CK;676;Buds@email.com
MomBod;MX;677;MomBod@yahoo.com
Crumpled_Lulu;AM;678;Crumpled_Lulu@vtr.net
Raindrop;NO;679;Raindrop@gmail.com
Xander;SG;680;Xander@email.com
Trasero_de_pollo;SV;681;Trasero_de_pollo@vtr.net
Bessie;YE;682;Bessie@vtr.net
Comatose_Federico;TJ;683;Comatose_Federico@gmail.com
Dummy;CY;684;Dummy@gmail.com
Bolita;BY;685;Bolita@hotmail.com
Afrodite;IE;686;Afrodite@yahoo.com
Stud;CL;687;Stud@vtr.net
Iron_Head;AQ;688;Iron_Head@yahoo.com
Kat;GM;689;Kat@gmail.com
Dulzura;JP;690;Dulzura@vtr.net
Desiccated_Lulu;TG;691;Desiccated_Lulu@yahoo.com
Chaotic_Federico;SL;692;Chaotic_Federico@yahoo.com
Sabrosura;CC;693;Sabrosura@vtr.net
Chump;MD;694;Chump@hotmail.com
Carrot;AX;695;Carrot@email.com
Desiccated_Federico;MF;696;Desiccated_Federico@hotmail.com
Zeca_Pinto;PT;697;Zeca_Pinto@email.com
Dove;AU;698;Dove@vtr.net
First_Mate;NF;699;First_Mate@vtr.net
Tsunami;KN;700;Tsunami@yahoo.com
Michi;ZA;701;Michi@hotmail.com
Noxius;PM;702;Noxius@yahoo.com
Chicle;MD;703;Chicle@email.com
Saruman;MN;704;Saruman@gmail.com
Winnie;IS;705;Winnie@gmail.com
Frantic_Federico;GH;706;Frantic_Federico@gmail.com
Gordo;PF;707;Gordo@gmail.com
Einstein;CY;708;Einstein@email.com
Bean;JE;709;Bean@yahoo.com
Wild_Muffin;AM;710;Wild_Muffin@email.com
Cheeky;QA;711;Cheeky@vtr.net
Lewbob;SB;712;Lewbob@vtr.net
Black_Diamond;RW;713;Black_Diamond@email.com
Genius;NP;714;Genius@yahoo.com
Natasha;PH;715;Natasha@gmail.com
Lulu_the_Lenient;FR;716;Lulu_the_Lenient@hotmail.com
Assuasive_Lulu;BA;717;Assuasive_Lulu@email.com
Snoopy;MK;718;Snoopy@gmail.com
Gumdrop;SI;719;Gumdrop@gmail.com
Kirby;AL;720;Kirby@yahoo.com
Foxy_Lady;CZ;721;Foxy_Lady@hotmail.com
Lord_Gravius;FR;722;Lord_Gravius@vtr.net
Viru;MT;723;Viru@gmail.com
Sykos;LY;724;Sykos@yahoo.com
Maca;BT;725;Maca@yahoo.com
Playboy;SO;726;Playboy@email.com
Dear;TJ;727;Dear@yahoo.com
Lackluster_Lulu;VE;728;Lackluster_Lulu@hotmail.com
Lonely_Lulu;SX;729;Lonely_Lulu@vtr.net
Through_Lulu;VU;730;Through_Lulu@hotmail.com
Mini_Skirt;RU;731;Mini_Skirt@hotmail.com
Highlander;ME;732;Highlander@email.com
Kaiser;AZ;733;Kaiser@hotmail.com
Kika;PR;734;Kika@email.com
Eomer;AR;735;Eomer@hotmail.com
Fellow;MZ;736;Fellow@vtr.net
DJ;AX;737;DJ@vtr.net
Razor;AS;738;Razor@yahoo.com
Envyus;AE;739;Envyus@yahoo.com
Immortal;FK;740;Immortal@yahoo.com
Rising_Sun;CM;741;Rising_Sun@vtr.net
Lifeless_Muffin;BE;742;Lifeless_Muffin@hotmail.com
Midnight;TF;743;Midnight@vtr.net
Tiringa;VG;744;Tiringa@yahoo.com
Thunderhead;PF;745;Thunderhead@yahoo.com
TripleKill;CW;746;TripleKill@hotmail.com
Seth;KZ;747;Seth@yahoo.com
Faint_Lulu;SI;748;Faint_Lulu@gmail.com
Sourdough;TT;749;Sourdough@hotmail.com
Kleiton;AT;750;Kleiton@gmail.com
Butterbuns;TZ;751;Butterbuns@gmail.com
Destroyer;FI;752;Destroyer@yahoo.com
Ami;UZ;753;Ami@gmail.com
Ortis;CH;754;Ortis@email.com
Comatose_Lulu;ZA;755;Comatose_Lulu@email.com
Macho;WS;756;Macho@vtr.net
Lovely;AG;757;Lovely@yahoo.com
Diablo;TM;758;Diablo@hotmail.com
Falcon;SZ;759;Falcon@email.com
Beavis;TZ;760;Beavis@vtr.net
Beauty;CR;761;Beauty@gmail.com
Honeybun;BG;762;Honeybun@yahoo.com
Pepita;SY;763;Pepita@email.com
Homie;RO;764;Homie@yahoo.com
Paco;PE;765;Paco@yahoo.com
Bloodied_Lulu;NA;766;Bloodied_Lulu@yahoo.com
Darkfire;SZ;767;Darkfire@hotmail.com
Lewie;BT;768;Lewie@vtr.net
Lulu_the_Lowercase;GB;769;Lulu_the_Lowercase@email.com
Gohan;EE;770;Gohan@hotmail.com
Papito;CY;771;Papito@vtr.net
Aslan;LK;772;Aslan@yahoo.com
Berry_the_Dictionary;NL;773;Berry_the_Dictionary@yahoo.com
Yskar_The_Second;GA;774;Yskar_The_Second@email.com
Boo_bear;GI;775;Boo_bear@yahoo.com
Papuda;SJ;776;Papuda@yahoo.com
Borat;EC;777;Borat@yahoo.com
Vaquero;KI;778;Vaquero@email.com
Faramir;AZ;779;Faramir@email.com
Fifi;AI;780;Fifi@yahoo.com
Phoenix;TN;781;Phoenix@gmail.com
Gran_oso;YT;782;Gran_oso@gmail.com
Shotcaller;BQ;783;Shotcaller@gmail.com
Mofletillos;ZM;784;Mofletillos@hotmail.com
Dirt;GL;785;Dirt@hotmail.com
Baby_Maker;PW;786;Baby_Maker@yahoo.com
Cheesestick;TR;787;Cheesestick@vtr.net
Rebelde;SD;788;Rebelde@email.com
Lewis_the_Louis;ID;789;Lewis_the_Louis@vtr.net
Omega;VC;790;Omega@hotmail.com
Feisty_Federico;AU;791;Feisty_Federico@yahoo.com
Flor;IO;792;Flor@gmail.com
Fox;MY;793;Fox@email.com
Donuts;CZ;794;Donuts@vtr.net
Smoochie;DZ;795;Smoochie@yahoo.com
Fearful_Federico;WF;796;Fearful_Federico@hotmail.com
General;SB;797;General@gmail.com
Vida;MD;798;Vida@yahoo.com
Snickers;SY;799;Snickers@yahoo.com
Mimi;EH;800;Mimi@vtr.net
Skull_Kid;LA;801;Skull_Kid@hotmail.com
Rocket_Man;CM;802;Rocket_Man@gmail.com
Amigo;CA;803;Amigo@email.com
Pollito;AS;804;Pollito@hotmail.com
Huggie;NG;805;Huggie@email.com
Gummy_Pop;VC;806;Gummy_Pop@vtr.net
Piglet;ME;807;Piglet@vtr.net
Chili;VI;808;Chili@email.com
Hot_stuff;SS;809;Hot_stuff@hotmail.com
Creedence;CI;810;Creedence@email.com
Amethyst;TZ;811;Amethyst@gmail.com
Ace;US;812;Ace@vtr.net
Pistol;GF;813;Pistol@yahoo.com
Oompa_Loompa;ST;814;Oompa_Loompa@hotmail.com
The_Bob_Suffix;VA;815;The_Bob_Suffix@email.com
Rufio;VC;816;Rufio@vtr.net
Eagle;HU;817;Eagle@hotmail.com
Magnus;AF;818;Magnus@vtr.net
Buffalo;TG;819;Buffalo@vtr.net
Eff;NE;820;Eff@vtr.net
Tootsie;TW;821;Tootsie@vtr.net
Fierecilla;SD;822;Fierecilla@yahoo.com
Huck;SD;823;Huck@vtr.net
Silent;AR;824;Silent@email.com
Pelao;AW;825;Pelao@gmail.com
Leia;TR;826;Leia@vtr.net
Boo_Bear;SC;827;Boo_Bear@yahoo.com
Djerta;KP;828;Djerta@yahoo.com
Speaker;BQ;829;Speaker@hotmail.com
Dimpling;MO;830;Dimpling@vtr.net
Black_Night;MM;831;Black_Night@vtr.net
Merma;NF;832;Merma@vtr.net
Moose;SC;833;Moose@yahoo.com
Lewa;LV;834;Lewa@gmail.com
Dirty_Harry;LV;835;Dirty_Harry@vtr.net
Joker;TJ;836;Joker@email.com
Namish;ZW;837;Namish@hotmail.com
Sassafras;DJ;838;Sassafras@email.com
Kalli;CR;839;Kalli@gmail.com
Nacho;CY;840;Nacho@vtr.net
Diesel;MA;841;Diesel@yahoo.com
Midge;PH;842;Midge@yahoo.com
Chief;CK;843;Chief@hotmail.com
Pippin;GM;844;Pippin@gmail.com
Lulu_the_Big;GQ;845;Lulu_the_Big@hotmail.com
Daddy;SH;846;Daddy@yahoo.com
Delincuente;SC;847;Delincuente@gmail.com
Cold_Front;DJ;848;Cold_Front@hotmail.com
Insignificant_Lulu;AL;849;Insignificant_Lulu@yahoo.com
Aphelion;US;850;Aphelion@hotmail.com
Diet_Coke;FR;851;Diet_Coke@hotmail.com
Cannoli;LS;852;Cannoli@hotmail.com
Cruella;NG;853;Cruella@vtr.net
Axel;JE;854;Axel@yahoo.com
L.L;FK;855;L.L@yahoo.com
Dots;ST;856;Dots@email.com
Luthien;MN;857;Luthien@email.com
Dot;KP;858;Dot@gmail.com
Maestro;TZ;859;Maestro@vtr.net
Boomhauer;BJ;860;Boomhauer@hotmail.com
Bacon;GQ;861;Bacon@yahoo.com
Federico_the_Absurd;GA;862;Federico_the_Absurd@gmail.com
Pinata;KZ;863;Pinata@gmail.com
Mangada;NO;864;Mangada@email.com
Elsydeon;MX;865;Elsydeon@gmail.com
Backbone;UZ;866;Backbone@hotmail.com
Splinter;MY;867;Splinter@yahoo.com
Nemat;IR;868;Nemat@vtr.net
Dearey;BZ;869;Dearey@vtr.net
Frogger;CG;870;Frogger@vtr.net
Euturiel;MO;871;Euturiel@gmail.com
Krist;MK;872;Krist@vtr.net
Barbie;TH;873;Barbie@yahoo.com
CyberKiller;NO;874;CyberKiller@email.com
Rosebud;CC;875;Rosebud@hotmail.com
Campo;SG;876;Campo@gmail.com
Butter;GE;877;Butter@gmail.com
Tiro_caliente;PR;878;Tiro_caliente@yahoo.com
Delirious_Federico;FR;879;Delirious_Federico@hotmail.com
Bootsie;YE;880;Bootsie@gmail.com
Bruno;NU;881;Bruno@email.com
Sassy;VC;882;Sassy@yahoo.com
Dud;PT;883;Dud@vtr.net
Golden_Jet;ML;884;Golden_Jet@email.com
Chicken_Wing;MP;885;Chicken_Wing@email.com
Hawkeye;MW;886;Hawkeye@vtr.net
Loser;AM;887;Loser@vtr.net
Belch;PL;888;Belch@email.com
El;CV;889;El@hotmail.com
Snow_White;BJ;890;Snow_White@email.com
YoSoyGroot;IT;891;YoSoyGroot@email.com
Aldaren;BN;892;Aldaren@hotmail.com
Nene;MR;893;Nene@email.com
No_Panic;SA;894;No_Panic@gmail.com
Savage;HU;895;Savage@yahoo.com
Sherlock;BW;896;Sherlock@email.com
Loathsome_Lewis;AZ;897;Loathsome_Lewis@vtr.net
Super_SaiaJean;AG;898;Super_SaiaJean@yahoo.com
Deathly_Federico;BH;899;Deathly_Federico@hotmail.com
Morgoth;JE;900;Morgoth@hotmail.com
Lulella;IO;901;Lulella@email.com
Lewella;KW;902;Lewella@email.com
Hurricane;MC;903;Hurricane@vtr.net
Azul;CA;904;Azul@gmail.com
Cersei;JP;905;Cersei@gmail.com
Little_Lulu;ER;906;Little_Lulu@vtr.net
Pursue_Lulu;SC;907;Pursue_Lulu@gmail.com
Rapunzel;CK;908;Rapunzel@email.com
Harlequina;YE;909;Harlequina@yahoo.com
Federico_the_Crazy;AM;910;Federico_the_Crazy@gmail.com
Pimpollo;TH;911;Pimpollo@yahoo.com
Yankee;PR;912;Yankee@yahoo.com
Lifeless_Chip;MC;913;Lifeless_Chip@email.com
Swiss_Miss;TH;914;Swiss_Miss@vtr.net
Catwoman;MD;915;Catwoman@gmail.com
Nano;BQ;916;Nano@hotmail.com
Anakkin;JE;917;Anakkin@gmail.com
Big_Boss;CX;918;Big_Boss@gmail.com
Iron_SEUNOME;CC;919;Iron_SEUNOME@email.com
Little_Baby;TT;920;Little_Baby@gmail.com
Feeble_Federico;BO;921;Feeble_Federico@hotmail.com
Muscles;AT;922;Muscles@gmail.com
Zaifer;QA;923;Zaifer@yahoo.com
Pansy;KG;924;Pansy@gmail.com
Tanque;MH;925;Tanque@vtr.net
Lulu_the_Latif;AD;926;Lulu_the_Latif@yahoo.com
Mi_Rey;NL;927;Mi_Rey@yahoo.com
Lula;SI;928;Lula@vtr.net
Barbaric_Federico;LC;929;Barbaric_Federico@email.com
Queen_Bee;SI;930;Queen_Bee@hotmail.com
Lulubug;IL;931;Lulubug@gmail.com
Sugar_plum;PE;932;Sugar_plum@yahoo.com
Starbuck;PG;933;Starbuck@gmail.com
Amazon;GN;934;Amazon@vtr.net
Snickerdoodle;WS;935;Snickerdoodle@gmail.com
SexyShooter;AS;936;SexyShooter@hotmail.com
Punk;SI;937;Punk@yahoo.com
Darling;VN;938;Darling@gmail.com
Ceci;BL;939;Ceci@yahoo.com
Federico_the_Offensive;MW;940;Federico_the_Offensive@vtr.net
Skinny_Jeans;KN;941;Skinny_Jeans@email.com
Intelectual;GL;942;Intelectual@yahoo.com
Menfis;BI;943;Menfis@hotmail.com
Drax;MF;944;Drax@gmail.com
Pedo_de_vaca;FR;945;Pedo_de_vaca@gmail.com
My_precious;OM;946;My_precious@hotmail.com
Federico_the_Buffalo;AQ;947;Federico_the_Buffalo@yahoo.com
Dragnovith;CR;948;Dragnovith@vtr.net
Galleta_de_Chile;BD;949;Galleta_de_Chile@gmail.com
Reaper;BH;950;Reaper@yahoo.com
Chance;NE;951;Chance@email.com
Flaccid_Federico;LB;952;Flaccid_Federico@vtr.net
Dreamey;BJ;953;Dreamey@yahoo.com
Dragonfly;MT;954;Dragonfly@gmail.com
Harry_Potter;KN;955;Harry_Potter@yahoo.com
The_Bird;BE;956;The_Bird@email.com
Boo_Boo;HK;957;Boo_Boo@hotmail.com
Thorn;MO;958;Thorn@yahoo.com
Double_Bubble;PL;959;Double_Bubble@hotmail.com
Maximus;JP;960;Maximus@email.com
Lulu_the_Benin;MX;961;Lulu_the_Benin@yahoo.com
Loco;ZM;962;Loco@hotmail.com
Doctor;SL;963;Doctor@email.com
The_Chief;JM;964;The_Chief@gmail.com
Aldren;MQ;965;Aldren@gmail.com
Hombre_de_Acero;JM;966;Hombre_de_Acero@gmail.com
Lion;MM;967;Lion@yahoo.com
Bumpkin;BQ;968;Bumpkin@vtr.net
Freak;VA;969;Freak@hotmail.com
Dinamo;LS;970;Dinamo@vtr.net
Pickles;ER;971;Pickles@yahoo.com
Cheeto;US;972;Cheeto@yahoo.com
Known_to_Partner_As;OM;973;Known_to_Partner_As@hotmail.com
Twix;BN;974;Twix@hotmail.com
Cutie;BD;975;Cutie@hotmail.com
Big_Lulu;GP;976;Big_Lulu@vtr.net
Cielo;TK;977;Cielo@hotmail.com
Dark_Night;NI;978;Dark_Night@yahoo.com
Ringo;TV;979;Ringo@yahoo.com
Jaguar;GS;980;Jaguar@hotmail.com
Ha_fallado;LU;981;Ha_fallado@hotmail.com
Lucky_charm;GG;982;Lucky_charm@yahoo.com
Candy;TN;983;Candy@hotmail.com
Giggles;FI;984;Giggles@gmail.com
Twinkles;BW;985;Twinkles@hotmail.com
Cyber;TH;986;Cyber@hotmail.com
Weirdo;QA;987;Weirdo@vtr.net
Pantheon;LK;988;Pantheon@email.com
Thunder_Thighs;NU;989;Thunder_Thighs@email.com
Twinkly;TO;990;Twinkly@email.com
Sol;VN;991;Sol@email.com
Beef;BW;992;Beef@email.com
Blaze_Baley;UG;993;Blaze_Baley@email.com
Vicho;JM;994;Vicho@vtr.net
Angelofdeath;PN;995;Angelofdeath@vtr.net
Senorita;EC;996;Senorita@gmail.com
Buzz;RE;997;Buzz@gmail.com
Gizmo;NI;998;Gizmo@vtr.net
Flower;EC;999;Flower@yahoo.com
Vader;MF;1000;Vader@vtr.net
